id,is_run,name,start_time,end_time
1,TRUE,A,2019-01-01 00:00:00,2019-02-01 00:00:00
2,TRUE,B,2019-01-01 00:00:00,2019-02-01 00:00:00
3,TRUE,C,2019-01-01 00:00:00,2019-02-01 00:00:00
4,TRUE,D,2019-01-01 00:00:00,2019-02-01 00:00:00
5,TRUE,E,2019-01-01 00:00:00,2019-02-01 00:00:00
6,TRUE,F,2019-01-01 00:00:00,2019-02-01 00:00:00
7,TRUE,G,2019-01-01 00:00:00,2019-02-01 00:00:00
8,TRUE,H,2019-01-01 00:00:00,2019-02-01 00:00:00
9,TRUE,I,2019-01-01 00:00:00,2019-02-01 00:00:00
10,TRUE,J,2019-01-01 00:00:00,2019-02-01 00:00:00
